image_id,duplicate_of
103274711606405.jpeg,-
104065304890508.jpeg,103274711606405.jpeg
107442487868938.jpeg,103274711606405.jpeg
109313950982785.jpeg,103274711606405.jpeg
104610754823257.jpeg,103274711606405.jpeg
109840947596059.jpeg,103274711606405.jpeg
112032387360723.jpeg,103274711606405.jpeg
106448784620543.jpeg,103274711606405.jpeg
113339963912442.jpeg,103274711606405.jpeg
113555010536455.jpeg,103274711606405.jpeg
114123057150486.jpeg,103274711606405.jpeg
114191763810696.jpeg,103274711606405.jpeg
115173607046647.jpeg,103274711606405.jpeg
116053900341076.jpeg,103274711606405.jpeg
116054770281609.jpeg,103274711606405.jpeg
116348186977956.jpeg,103274711606405.jpeg
116423043590336.jpeg,103274711606405.jpeg
116837560212543.jpeg,103274711606405.jpeg
117071790238138.jpeg,103274711606405.jpeg
117310860211495.jpeg,103274711606405.jpeg
118724576671390.jpeg,103274711606405.jpeg
118709623403685.jpeg,103274711606405.jpeg
118575693375401.jpeg,103274711606405.jpeg
119703903238646.jpeg,103274711606405.jpeg
120318573251093.jpeg,103274711606405.jpeg
120059763290970.jpeg,103274711606405.jpeg
120436316497946.jpeg,103274711606405.jpeg
107444831230993.jpeg,-
111006184566091.jpeg,107444831230993.jpeg
112908303483071.jpeg,107444831230993.jpeg
114077024153103.jpeg,107444831230993.jpeg
119136466730116.jpeg,107444831230993.jpeg
119334673388730.jpeg,107444831230993.jpeg
120091626099999.jpeg,107444831230993.jpeg
106038134743891.jpeg,-
106325141396738.jpeg,106038134743891.jpeg
119877116628888.jpeg,106038134743891.jpeg
112344097703670.jpeg,-
117175297220916.jpeg,112344097703670.jpeg
119031690364725.jpeg,112344097703670.jpeg
120386680213933.jpeg,112344097703670.jpeg
112437989683736.jpeg,-
114725017453873.jpeg,-
116150433971913.jpeg,114725017453873.jpeg
116711280584631.jpeg,114725017453873.jpeg
118266487093667.jpeg,114725017453873.jpeg
116586667210629.jpeg,-
118247410375850.jpeg,116586667210629.jpeg
117844676923836.jpeg,-
118468932404077.jpeg,-
